<?xml version="1.0" encoding="UTF-8"?>
<project-private xmlns="http://www.netbeans.org/ns/project-private/1">
    <editor-bookmarks xmlns="http://www.netbeans.org/ns/editor-bookmarks/2" lastBookmarkId="0"/>
    <open-files xmlns="http://www.netbeans.org/ns/projectui-open-files/2">
        <group>
            <file>file:/C:/xampp/htdocs/E_Book_Idya/login.php</file>
            <file>file:/C:/xampp/htdocs/E_Book_Idya/index.php</file>
            <file>file:/C:/xampp/htdocs/E_Book_Idya/process_register.php</file>
            <file>file:/C:/xampp/htdocs/E_Book_Idya/cart.php</file>
            <file>file:/C:/xampp/htdocs/E_Book_Idya/AboutUs.php</file>
        </group>
    </open-files>
</project-private>
